Workbook

Sheet 2019-10-16T1414_Grades-MGT_404_
A1: Student | B1: ID | C1: SIS User ID | D1: SIS Login ID | E1: Root Account | F1: Section | G1: Problem Set 1 (129587) | H1: Problem Set 2 (125489) | I1: Problem Set 3 (125490) | J1: Final Exam (125495) | K1: Participation | L1: Final | M1: Final (No NA) | N1: Grade
Q2: Min Score | R2: Count | S2: Pct
A3: Points Possible | G3: 10 | H3: 10 | I3: 10 | J3: 180 | K3: 10 | P3: HH | Q3: 91.333333 | R3: =COUNTIF($N$4:$N$361,P3) -> 34 | S3: =R3/SUM($R$3:$R$6) -> 0.10271903
A4: Agarwal, Vibhav | B4: 87811 | C4: 17547995 | D4: va256 | E4: yale.instructure.com | F4: MGT 404 01 | G4: 0 | J4: =VLOOKUP(C4,exam!$D$29:$V$359,19,0) -> #N/A | K4: 10 | L4: =SUM(K4,I4,H4,G4)+J4/3 -> #N/A | M4: =IF(ISERROR(L4),"",L4) | N4: =IF(M4="","",IF(M4>=$Q$3,$P$3,IF(M4>=$Q$4,$P$4,IF(M4>=$Q$5,$P$5,"P")))) | P4: H | Q4: 85.225 | R4: =COUNTIF($N$4:$N$361,P4) -> 83 | S4: =R4/SUM($R$3:$R$6) -> 0.25075529
A5: Alon, Kfir | B5: 107576 | C5: 24086292 | D5: ka527 | E5: yale.instructure.com | F5: MGT 404 01 | G5: 9 | H5: 9.75 | I5: 9.6 | J5: =VLOOKUP(C5,exam!$D$29:$V$359,19,0) -> 88.5 | K5: 10 | L5: =SUM(K5,I5,H5,G5)+J5/3 -> 67.85 | M5: =IF(ISERROR(L5),"",L5) -> 67.85 | N5: =IF(M5="","",IF(M5>=$Q$3,$P$3,IF(M5>=$Q$4,$P$4,IF(M5>=$Q$5,$P$5,"P")))) -> P | P5: PR | Q5: 68.333333 | R5: =COUNTIF($N$4:$N$361,P5) -> 185 | S5: =R5/SUM($R$3:$R$6) -> 0.55891239
A6: Alton, Jake | B6: 107186 | C6: 24079883 | D6: jba53 | E6: yale.instructure.com | F6: MGT 404 01 | G6: 6 | H6: 9.25 | I6: 9 | J6: =VLOOKUP(C6,exam!$D$29:$V$359,19,0) -> 102.5 | K6: 10 | L6: =SUM(K6,I6,H6,G6)+J6/3 -> 68.416667 | M6: =IF(ISERROR(L6),"",L6) -> 68.416667 | N6: =IF(M6="","",IF(M6>=$Q$3,$P$3,IF(M6>=$Q$4,$P$4,IF(M6>=$Q$5,$P$5,"P")))) -> PR | P6: P | R6: =COUNTIF($N$4:$N$361,P6) -> 29 | S6: =R6/SUM($R$3:$R$6) -> 0.087613293
A7: Aslam, Fazail | B7: 113866 | C7: 24182002 | D7: fa344 | E7: yale.instructure.com | F7: MGT 404 01 | G7: 8 | H7: 10 | I7: 10 | J7: =VLOOKUP(C7,exam!$D$29:$V$359,19,0) -> 106 | K7: 10 | L7: =SUM(K7,I7,H7,G7)+J7/3 -> 73.333333 | M7: =IF(ISERROR(L7),"",L7) -> 73.333333 | N7: =IF(M7="","",IF(M7>=$Q$3,$P$3,IF(M7>=$Q$4,$P$4,IF(M7>=$Q$5,$P$5,"P")))) -> PR | P7: F | R7: =COUNTIF($N$4:$N$361,P7) -> 2 | S7: =R7/SUM($R$3:$R$6) -> 0.0060422961
A8: Bandyopadhyay, Arkadeep | B8: 103880 | C8: 24037026 | D8: ab3233 | E8: yale.instructure.com | F8: MGT 404 01 | G8: 10 | H8: 10 | I8: 9.6 | J8: =VLOOKUP(C8,exam!$D$29:$V$359,19,0) -> 156 | K8: 10 | L8: =SUM(K8,I8,H8,G8)+J8/3 -> 91.6 | M8: =IF(ISERROR(L8),"",L8) -> 91.6 | N8: =IF(M8="","",IF(M8>=$Q$3,$P$3,IF(M8>=$Q$4,$P$4,IF(M8>=$Q$5,$P$5,"P")))) -> HH
A9: Berry, Marisa | B9: 103838 | C9: 24036006 | D9: mab375 | E9: yale.instructure.com | F9: MGT 404 01 | G9: 10 | H9: 9 | I9: 10 | J9: =VLOOKUP(C9,exam!$D$29:$V$359,19,0) -> 104.5 | K9: 10 | L9: =SUM(K9,I9,H9,G9)+J9/3 -> 73.833333 | M9: =IF(ISERROR(L9),"",L9) -> 73.833333 | N9: =IF(M9="","",IF(M9>=$Q$3,$P$3,IF(M9>=$Q$4,$P$4,IF(M9>=$Q$5,$P$5,"P")))) -> PR
A10: Blazuk, Andrew | B10: 104189 | C10: 24035955 | D10: acb237 | E10: yale.instructure.com | F10: MGT 404 01 | G10: 10 | H10: 9 | I10: 10 | J10: =VLOOKUP(C10,exam!$D$29:$V$359,19,0) -> 109.5 | K10: 10 | L10: =SUM(K10,I10,H10,G10)+J10/3 -> 75.5 | M10: =IF(ISERROR(L10),"",L10) -> 75.5 | N10: =IF(M10="","",IF(M10>=$Q$3,$P$3,IF(M10>=$Q$4,$P$4,IF(M10>=$Q$5,$P$5,"P")))) -> PR
A11: Bosch, Lukas | B11: 111738 | C11: 24151232 | D11: lfb35 | E11: yale.instructure.com | F11: MGT 404 01 | G11: 10 | H11: 10 | I11: 10 | J11: =VLOOKUP(C11,exam!$D$29:$V$359,19,0) -> 154.5 | K11: 10 | L11: =SUM(K11,I11,H11,G11)+J11/3 -> 91.5 | M11: =IF(ISERROR(L11),"",L11) -> 91.5 | N11: =IF(M11="","",IF(M11>=$Q$3,$P$3,IF(M11>=$Q$4,$P$4,IF(M11>=$Q$5,$P$5,"P")))) -> HH
A12: Briggi, Danny | B12: 91806 | C12: 17595782 | D12: db2263 | E12: yale.instructure.com | F12: MGT 404 01 | G12: 0 | I12: 0 | J12: =VLOOKUP(C12,exam!$D$29:$V$359,19,0) -> #N/A | K12: 10 | L12: =SUM(K12,I12,H12,G12)+J12/3 -> #N/A | M12: =IF(ISERROR(L12),"",L12) | N12: =IF(M12="","",IF(M12>=$Q$3,$P$3,IF(M12>=$Q$4,$P$4,IF(M12>=$Q$5,$P$5,"P"))))
A13: Brody, Clare | B13: 110923 | C13: 13405066 | D13: cwb5 | E13: yale.instructure.com | F13: MGT 404 01 | G13: 9 | H13: 8.75 | I13: 10 | J13: =VLOOKUP(C13,exam!$D$29:$V$359,19,0) -> 115.5 | K13: 10 | L13: =SUM(K13,I13,H13,G13)+J13/3 -> 76.25 | M13: =IF(ISERROR(L13),"",L13) -> 76.25 | N13: =IF(M13="","",IF(M13>=$Q$3,$P$3,IF(M13>=$Q$4,$P$4,IF(M13>=$Q$5,$P$5,"P")))) -> PR
A14: Camponogara, Ivan | B14: 107954 | C14: 24092871 | D14: ic326 | E14: yale.instructure.com | F14: MGT 404 01 | G14: 10 | H14: 10 | I14: 10 | J14: =VLOOKUP(C14,exam!$D$29:$V$359,19,0) -> 159 | K14: 10 | L14: =SUM(K14,I14,H14,G14)+J14/3 -> 93 | M14: =IF(ISERROR(L14),"",L14) -> 93 | N14: =IF(M14="","",IF(M14>=$Q$3,$P$3,IF(M14>=$Q$4,$P$4,IF(M14>=$Q$5,$P$5,"P")))) -> HH
A15: Carlson, Ripley | B15: 104456 | C15: 24036601 | D15: rjc83 | E15: yale.instructure.com | F15: MGT 404 01 | G15: 9.5 | H15: 10 | I15: 9.8 | J15: =VLOOKUP(C15,exam!$D$29:$V$359,19,0) -> 150 | K15: 10 | L15: =SUM(K15,I15,H15,G15)+J15/3 -> 89.3 | M15: =IF(ISERROR(L15),"",L15) -> 89.3 | N15: =IF(M15="","",IF(M15>=$Q$3,$P$3,IF(M15>=$Q$4,$P$4,IF(M15>=$Q$5,$P$5,"P")))) -> H
A16: Chang, Julie | B16: 110277 | C16: 24129370 | D16: hc739 | E16: yale.instructure.com | F16: MGT 404 01 | G16: 10 | H16: 9.25 | I16: 10 | J16: =VLOOKUP(C16,exam!$D$29:$V$359,19,0) -> 150.5 | K16: 10 | L16: =SUM(K16,I16,H16,G16)+J16/3 -> 89.416667 | M16: =IF(ISERROR(L16),"",L16) -> 89.416667 | N16: =IF(M16="","",IF(M16>=$Q$3,$P$3,IF(M16>=$Q$4,$P$4,IF(M16>=$Q$5,$P$5,"P")))) -> H
A17: Chen, Melissa | B17: 104572 | C17: 24036295 | D17: mc3278 | E17: yale.instructure.com | F17: MGT 404 01 | G17: 9 | H17: 9 | I17: 9 | J17: =VLOOKUP(C17,exam!$D$29:$V$359,19,0) -> 137.5 | K17: 10 | L17: =SUM(K17,I17,H17,G17)+J17/3 -> 82.833333 | M17: =IF(ISERROR(L17),"",L17) -> 82.833333 | N17: =IF(M17="","",IF(M17>=$Q$3,$P$3,IF(M17>=$Q$4,$P$4,IF(M17>=$Q$5,$P$5,"P")))) -> PR
A18: Cheng, Louis | B18: 104377 | C18: 24036533 | D18: yc754 | E18: yale.instructure.com | F18: MGT 404 01 | G18: 8.5 | H18: 10 | I18: 10 | J18: =VLOOKUP(C18,exam!$D$29:$V$359,19,0) -> 146 | K18: 10 | L18: =SUM(K18,I18,H18,G18)+J18/3 -> 87.166667 | M18: =IF(ISERROR(L18),"",L18) -> 87.166667 | N18: =IF(M18="","",IF(M18>=$Q$3,$P$3,IF(M18>=$Q$4,$P$4,IF(M18>=$Q$5,$P$5,"P")))) -> H
A19: Chow, Shawn | B19: 113500 | C19: 24176494 | D19: wc558 | E19: yale.instructure.com | F19: MGT 404 01 | G19: 10 | H19: 10 | I19: 10 | J19: =VLOOKUP(C19,exam!$D$29:$V$359,19,0) -> 161.5 | K19: 10 | L19: =SUM(K19,I19,H19,G19)+J19/3 -> 93.833333 | M19: =IF(ISERROR(L19),"",L19) -> 93.833333 | N19: =IF(M19="","",IF(M19>=$Q$3,$P$3,IF(M19>=$Q$4,$P$4,IF(M19>=$Q$5,$P$5,"P")))) -> HH
A20: Cichon, Norbert | B20: 112481 | C20: 24162928 | D20: nnc8 | E20: yale.instructure.com | F20: MGT 404 01 | G20: 9.5 | H20: 10 | I20: 10 | J20: =VLOOKUP(C20,exam!$D$29:$V$359,19,0) -> 131.5 | K20: 10 | L20: =SUM(K20,I20,H20,G20)+J20/3 -> 83.333333 | M20: =IF(ISERROR(L20),"",L20) -> 83.333333 | N20: =IF(M20="","",IF(M20>=$Q$3,$P$3,IF(M20>=$Q$4,$P$4,IF(M20>=$Q$5,$P$5,"P")))) -> PR
A21: Cisneros, Tony | B21: 82127 | C21: 17469744 | D21: ac2764 | E21: yale.instructure.com | F21: MGT 404 01 | G21: 0 | I21: 0 | J21: =VLOOKUP(C21,exam!$D$29:$V$359,19,0) -> #N/A | K21: 10 | L21: =SUM(K21,I21,H21,G21)+J21/3 -> #N/A | M21: =IF(ISERROR(L21),"",L21) | N21: =IF(M21="","",IF(M21>=$Q$3,$P$3,IF(M21>=$Q$4,$P$4,IF(M21>=$Q$5,$P$5,"P"))))
A22: Dai, Tina | B22: 58424 | C22: 17221765 | D22: md2289 | E22: yale.instructure.com | F22: MGT 404 01 | G22: 6.5 | H22: 9 | I22: 10 | J22: =VLOOKUP(C22,exam!$D$29:$V$359,19,0) -> 131 | K22: 10 | L22: =SUM(K22,I22,H22,G22)+J22/3 -> 79.166667 | M22: =IF(ISERROR(L22),"",L22) -> 79.166667 | N22: =IF(M22="","",IF(M22>=$Q$3,$P$3,IF(M22>=$Q$4,$P$4,IF(M22>=$Q$5,$P$5,"P")))) -> PR
A23: de Barros Carvalho Longo, Bruno | B23: 111175 | C23: 24143769 | D23: bdl33 | E23: yale.instructure.com | F23: MGT 404 01 | G23: 9 | H23: 10 | I23: 10 | J23: =VLOOKUP(C23,exam!$D$29:$V$359,19,0) -> 117.5 | K23: 10 | L23: =SUM(K23,I23,H23,G23)+J23/3 -> 78.166667 | M23: =IF(ISERROR(L23),"",L23) -> 78.166667 | N23: =IF(M23="","",IF(M23>=$Q$3,$P$3,IF(M23>=$Q$4,$P$4,IF(M23>=$Q$5,$P$5,"P")))) -> PR
A24: Desai, Keval | B24: 17638 | C24: 15880589 | D24: knd22 | E24: yale.instructure.com | F24: MGT 404 01 | G24: 0 | I24: 0 | J24: =VLOOKUP(C24,exam!$D$29:$V$359,19,0) -> #N/A | K24: 10 | L24: =SUM(K24,I24,H24,G24)+J24/3 -> #N/A | M24: =IF(ISERROR(L24),"",L24) | N24: =IF(M24="","",IF(M24>=$Q$3,$P$3,IF(M24>=$Q$4,$P$4,IF(M24>=$Q$5,$P$5,"P"))))
A25: Desien, Nick | B25: 103988 | C25: 24035717 | D25: ncd37 | E25: yale.instructure.com | F25: MGT 404 01 | G25: 9.5 | H25: 10 | I25: 10 | J25: =VLOOKUP(C25,exam!$D$29:$V$359,19,0) -> 151.5 | K25: 10 | L25: =SUM(K25,I25,H25,G25)+J25/3 -> 90 | M25: =IF(ISERROR(L25),"",L25) -> 90 | N25: =IF(M25="","",IF(M25>=$Q$3,$P$3,IF(M25>=$Q$4,$P$4,IF(M25>=$Q$5,$P$5,"P")))) -> H
A26: Doshi, Pooja | B26: 82016 | C26: 17469812 | D26: prd26 | E26: yale.instructure.com | F26: MGT 404 01 | G26: 0 | I26: 0 | J26: =VLOOKUP(C26,exam!$D$29:$V$359,19,0) -> #N/A | K26: 10 | L26: =SUM(K26,I26,H26,G26)+J26/3 -> #N/A | M26: =IF(ISERROR(L26),"",L26) | N26: =IF(M26="","",IF(M26>=$Q$3,$P$3,IF(M26>=$Q$4,$P$4,IF(M26>=$Q$5,$P$5,"P"))))
A27: Edelman, AJ | B27: 111140 | C27: 24143684 | D27: aje46 | E27: yale.instructure.com | F27: MGT 404 01 | G27: 9 | H27: 10 | I27: 8 | J27: 110 | K27: 10 | L27: =SUM(K27,I27,H27,G27)+J27/3 -> 73.666667 | M27: =IF(ISERROR(L27),"",L27) -> 73.666667 | N27: =IF(M27="","",IF(M27>=$Q$3,$P$3,IF(M27>=$Q$4,$P$4,IF(M27>=$Q$5,$P$5,"P")))) -> PR
A28: Faiz, Meraj | B28: 104350 | C28: 24036465 | D28: maf239 | E28: yale.instructure.com | F28: MGT 404 01 | G28: 9.5 | H28: 10 | I28: 10 | J28: =VLOOKUP(C28,exam!$D$29:$V$359,19,0) -> 133.5 | K28: 10 | L28: =SUM(K28,I28,H28,G28)+J28/3 -> 84 | M28: =IF(ISERROR(L28),"",L28) -> 84 | N28: =IF(M28="","",IF(M28>=$Q$3,$P$3,IF(M28>=$Q$4,$P$4,IF(M28>=$Q$5,$P$5,"P")))) -> PR
A29: Feng, Charlie | B29: 112891 | C29: 24168861 | D29: csf27 | E29: yale.instructure.com | F29: MGT 404 01 | G29: 9 | H29: 10 | I29: 10 | J29: =VLOOKUP(C29,exam!$D$29:$V$359,19,0) -> 155 | K29: 10 | L29: =SUM(K29,I29,H29,G29)+J29/3 -> 90.666667 | M29: =IF(ISERROR(L29),"",L29) -> 90.666667 | N29: =IF(M29="","",IF(M29>=$Q$3,$P$3,IF(M29>=$Q$4,$P$4,IF(M29>=$Q$5,$P$5,"P")))) -> H
A30: Frederick, Julia | B30: 107776 | C30: 24089624 | D30: jkf43 | E30: yale.instructure.com | F30: MGT 404 01 | G30: 8 | H30: 9 | I30: 10 | J30: =VLOOKUP(C30,exam!$D$29:$V$359,19,0) -> 122.5 | K30: 10 | L30: =SUM(K30,I30,H30,G30)+J30/3 -> 77.833333 | M30: =IF(ISERROR(L30),"",L30) -> 77.833333 | N30: =IF(M30="","",IF(M30>=$Q$3,$P$3,IF(M30>=$Q$4,$P$4,IF(M30>=$Q$5,$P$5,"P")))) -> PR
A31: Freedman, Emily | B31: 111477 | C31: 24149192 | D31: erf39 | E31: yale.instructure.com | F31: MGT 404 01 | G31: 9 | H31: 8.75 | I31: 10 | J31: =VLOOKUP(C31,exam!$D$29:$V$359,19,0) -> 100 | K31: 10 | L31: =SUM(K31,I31,H31,G31)+J31/3 -> 71.083333 | M31: =IF(ISERROR(L31),"",L31) -> 71.083333 | N31: =IF(M31="","",IF(M31>=$Q$3,$P$3,IF(M31>=$Q$4,$P$4,IF(M31>=$Q$5,$P$5,"P")))) -> PR
A32: Glenn, Carey | B32: 86879 | C32: 17533290 | D32: ccg47 | E32: yale.instructure.com | F32: MGT 404 01 | G32: 9 | H32: 10 | I32: 10 | J32: =VLOOKUP(C32,exam!$D$29:$V$359,19,0) -> 122.5 | K32: 10 | L32: =SUM(K32,I32,H32,G32)+J32/3 -> 79.833333 | M32: =IF(ISERROR(L32),"",L32) -> 79.833333 | N32: =IF(M32="","",IF(M32>=$Q$3,$P$3,IF(M32>=$Q$4,$P$4,IF(M32>=$Q$5,$P$5,"P")))) -> PR
A33: Goldberg, Jonathan | B33: 113614 | C33: 24178194 | D33: jzg22 | E33: yale.instructure.com | F33: MGT 404 01 | G33: 7.5 | H33: 8.25 | I33: 9.8 | J33: =VLOOKUP(C33,exam!$D$29:$V$359,19,0) -> 122 | K33: 10 | L33: =SUM(K33,I33,H33,G33)+J33/3 -> 76.216667 | M33: =IF(ISERROR(L33),"",L33) -> 76.216667 | N33: =IF(M33="","",IF(M33>=$Q$3,$P$3,IF(M33>=$Q$4,$P$4,IF(M33>=$Q$5,$P$5,"P")))) -> PR
A34: Goldstein, Will | B34: 91751 | C34: 17594269 | D34: wrg24 | E34: yale.instructure.com | F34: MGT 404 01 | G34: 0 | I34: 0 | J34: =VLOOKUP(C34,exam!$D$29:$V$359,19,0) -> #N/A | K34: 10 | L34: =SUM(K34,I34,H34,G34)+J34/3 -> #N/A | M34: =IF(ISERROR(L34),"",L34) | N34: =IF(M34="","",IF(M34>=$Q$3,$P$3,IF(M34>=$Q$4,$P$4,IF(M34>=$Q$5,$P$5,"P"))))
A35: Grace-Flood, Liam | B35: 62265 | C35: 14312645 | D35: lag49 | E35: yale.instructure.com | F35: MGT 404 01 | G35: 0 | I35: 0 | J35: =VLOOKUP(C35,exam!$D$29:$V$359,19,0) -> #N/A | K35: 10 | L35: =SUM(K35,I35,H35,G35)+J35/3 -> #N/A | M35: =IF(ISERROR(L35),"",L35) | N35: =IF(M35="","",IF(M35>=$Q$3,$P$3,IF(M35>=$Q$4,$P$4,IF(M35>=$Q$5,$P$5,"P"))))
A36: Gu, Jeffrey | B36: 81908 | C36: 17460734 | D36: jg2528 | E36: yale.instructure.com | F36: MGT 404 01 | G36: 0 | I36: 0 | J36: =VLOOKUP(C36,exam!$D$29:$V$359,19,0) -> #N/A | K36: 10 | L36: =SUM(K36,I36,H36,G36)+J36/3 -> #N/A | M36: =IF(ISERROR(L36),"",L36) | N36: =IF(M36="","",IF(M36>=$Q$3,$P$3,IF(M36>=$Q$4,$P$4,IF(M36>=$Q$5,$P$5,"P"))))
A37: Gurjar, Madhura | B37: 111737 | C37: 24151198 | D37: msg69 | E37: yale.instructure.com | F37: MGT 404 01 | G37: 9 | H37: 9.5 | I37: 10 | J37: =VLOOKUP(C37,exam!$D$29:$V$359,19,0) -> 122.5 | K37: 10 | L37: =SUM(K37,I37,H37,G37)+J37/3 -> 79.333333 | M37: =IF(ISERROR(L37),"",L37) -> 79.333333 | N37: =IF(M37="","",IF(M37>=$Q$3,$P$3,IF(M37>=$Q$4,$P$4,IF(M37>=$Q$5,$P$5,"P")))) -> PR
A38: Hallowell, Sarah | B38: 87806 | C38: 17547723 | D38: sbh42 | E38: yale.instructure.com | F38: MGT 404 01 | G38: 0 | I38: 0 | J38: =VLOOKUP(C38,exam!$D$29:$V$359,19,0) -> #N/A | K38: 10 | L38: =SUM(K38,I38,H38,G38)+J38/3 -> #N/A | M38: =IF(ISERROR(L38),"",L38) | N38: =IF(M38="","",IF(M38>=$Q$3,$P$3,IF(M38>=$Q$4,$P$4,IF(M38>=$Q$5,$P$5,"P"))))
A39: Harris, Eric | B39: 112206 | C39: 24158423 | D39: erh52 | E39: yale.instructure.com | F39: MGT 404 01 | G39: 9 | H39: 9 | I39: 9.8 | J39: =VLOOKUP(C39,exam!$D$29:$V$359,19,0) -> 166.5 | K39: 10 | L39: =SUM(K39,I39,H39,G39)+J39/3 -> 93.3 | M39: =IF(ISERROR(L39),"",L39) -> 93.3 | N39: =IF(M39="","",IF(M39>=$Q$3,$P$3,IF(M39>=$Q$4,$P$4,IF(M39>=$Q$5,$P$5,"P")))) -> HH
A40: Haydock, Ben | B40: 108803 | C40: 24105247 | D40: brh37 | E40: yale.instructure.com | F40: MGT 404 01 | G40: 10 | H40: 9.75 | I40: 10 | J40: =VLOOKUP(C40,exam!$D$29:$V$359,19,0) -> 138 | K40: 10 | L40: =SUM(K40,I40,H40,G40)+J40/3 -> 85.75 | M40: =IF(ISERROR(L40),"",L40) -> 85.75 | N40: =IF(M40="","",IF(M40>=$Q$3,$P$3,IF(M40>=$Q$4,$P$4,IF(M40>=$Q$5,$P$5,"P")))) -> H
A41: Haynes, Monique | B41: 11847 | C41: 12395130 | D41: msh54 | E41: yale.instructure.com | F41: MGT 404 01 | G41: 9 | H41: 9.5 | I41: 10 | J41: =VLOOKUP(C41,exam!$D$29:$V$359,19,0) -> 130.5 | K41: 10 | L41: =SUM(K41,I41,H41,G41)+J41/3 -> 82 | M41: =IF(ISERROR(L41),"",L41) -> 82 | N41: =IF(M41="","",IF(M41>=$Q$3,$P$3,IF(M41>=$Q$4,$P$4,IF(M41>=$Q$5,$P$5,"P")))) -> PR
A42: Holvick, Carl | B42: 59652 | C42: 17242930 | D42: cjh76 | E42: yale.instructure.com | F42: MGT 404 01 | G42: 9 | H42: 9.25 | I42: 10 | J42: =VLOOKUP(C42,exam!$D$29:$V$359,19,0) -> 85.5 | K42: 10 | L42: =SUM(K42,I42,H42,G42)+J42/3 -> 66.75 | M42: =IF(ISERROR(L42),"",L42) -> 66.75 | N42: =IF(M42="","",IF(M42>=$Q$3,$P$3,IF(M42>=$Q$4,$P$4,IF(M42>=$Q$5,$P$5,"P")))) -> P
A43: Hurvitz, Danny | B43: 107140 | C43: 24079322 | D43: dh758 | E43: yale.instructure.com | F43: MGT 404 01 | G43: 8.5 | H43: 9.5 | I43: 10 | J43: =VLOOKUP(C43,exam!$D$29:$V$359,19,0) -> 123 | K43: 10 | L43: =SUM(K43,I43,H43,G43)+J43/3 -> 79 | M43: =IF(ISERROR(L43),"",L43) -> 79 | N43: =IF(M43="","",IF(M43>=$Q$3,$P$3,IF(M43>=$Q$4,$P$4,IF(M43>=$Q$5,$P$5,"P")))) -> PR
A44: Irwin, Jane | B44: 103846 | C44: 24037179 | D44: vi38 | E44: yale.instructure.com | F44: MGT 404 01 | G44: 7 | H44: 9.75 | I44: 10 | J44: =VLOOKUP(C44,exam!$D$29:$V$359,19,0) -> 147.5 | K44: 10 | L44: =SUM(K44,I44,H44,G44)+J44/3 -> 85.916667 | M44: =IF(ISERROR(L44),"",L44) -> 85.916667 | N44: =IF(M44="","",IF(M44>=$Q$3,$P$3,IF(M44>=$Q$4,$P$4,IF(M44>=$Q$5,$P$5,"P")))) -> H
A45: Jiang, Sam | B45: 110994 | C45: 24140199 | D45: sj666 | E45: yale.instructure.com | F45: MGT 404 01 | G45: 9 | H45: 9.75 | I45: 9.6 | J45: =VLOOKUP(C45,exam!$D$29:$V$359,19,0) -> 135.5 | K45: 10 | L45: =SUM(K45,I45,H45,G45)+J45/3 -> 83.516667 | M45: =IF(ISERROR(L45),"",L45) -> 83.516667 | N45: =IF(M45="","",IF(M45>=$Q$3,$P$3,IF(M45>=$Q$4,$P$4,IF(M45>=$Q$5,$P$5,"P")))) -> PR
A46: Jung, Austin | B46: 112607 | C46: 24165172 | D46: aj568 | E46: yale.instructure.com | F46: MGT 404 01 | G46: 9 | H46: 9.5 | I46: 10 | J46: =VLOOKUP(C46,exam!$D$29:$V$359,19,0) -> 128.5 | K46: 10 | L46: =SUM(K46,I46,H46,G46)+J46/3 -> 81.333333 | M46: =IF(ISERROR(L46),"",L46) -> 81.333333 | N46: =IF(M46="","",IF(M46>=$Q$3,$P$3,IF(M46>=$Q$4,$P$4,IF(M46>=$Q$5,$P$5,"P")))) -> PR
A47: Kapur, Divya | B47: 103915 | C47: 24035632 | D47: dk796 | E47: yale.instructure.com | F47: MGT 404 01 | G47: 9 | H47: 9.75 | I47: 10 | J47: =VLOOKUP(C47,exam!$D$29:$V$359,19,0) -> 171 | K47: 10 | L47: =SUM(K47,I47,H47,G47)+J47/3 -> 95.75 | M47: =IF(ISERROR(L47),"",L47) -> 95.75 | N47: =IF(M47="","",IF(M47>=$Q$3,$P$3,IF(M47>=$Q$4,$P$4,IF(M47>=$Q$5,$P$5,"P")))) -> HH
A48: Kaufman, Peter | B48: 110936 | C48: 12704683 | D48: pjk3 | E48: yale.instructure.com | F48: MGT 404 01 | G48: 9.5 | H48: 9.25 | I48: 10 | J48: =VLOOKUP(C48,exam!$D$29:$V$359,19,0) -> 161 | K48: 10 | L48: =SUM(K48,I48,H48,G48)+J48/3 -> 92.416667 | M48: =IF(ISERROR(L48),"",L48) -> 92.416667 | N48: =IF(M48="","",IF(M48>=$Q$3,$P$3,IF(M48>=$Q$4,$P$4,IF(M48>=$Q$5,$P$5,"P")))) -> HH
A49: Kumar, Balaji Vignesh | B49: 108462 | C49: 24099382 | D49: bk557 | E49: yale.instructure.com | F49: MGT 404 01 | G49: 9.5 | H49: 10 | I49: 9 | J49: =VLOOKUP(C49,exam!$D$29:$V$359,19,0) -> 169 | K49: 10 | L49: =SUM(K49,I49,H49,G49)+J49/3 -> 94.833333 | M49: =IF(ISERROR(L49),"",L49) -> 94.833333 | N49: =IF(M49="","",IF(M49>=$Q$3,$P$3,IF(M49>=$Q$4,$P$4,IF(M49>=$Q$5,$P$5,"P")))) -> HH
A50: Langbein, Jake | B50: 104237 | C50: 24011815 | D50: jml336 | E50: yale.instructure.com | F50: MGT 404 01 | G50: 9 | H50: 9.75 | I50: 10 | J50: =VLOOKUP(C50,exam!$D$29:$V$359,19,0) -> 151 | K50: 10 | L50: =SUM(K50,I50,H50,G50)+J50/3 -> 89.083333 | M50: =IF(ISERROR(L50),"",L50) -> 89.083333 | N50: =IF(M50="","",IF(M50>=$Q$3,$P$3,IF(M50>=$Q$4,$P$4,IF(M50>=$Q$5,$P$5,"P")))) -> H
... A54: Lui, Gillian | B54: 104554 | C54: 24011849 | D54: gvl6 | E54: yale.instructure.com | F54: MGT 404 01 | G54: 7.5 | H54: 9.5 | I54: 10 | J54: =VLOOKUP(C54,exam!$D$29:$V$359,19,0) -> 118.5 | K54: 10 | L54: =SUM(K54,I54,H54,G54)+J54/3 -> 76.5 | M54: =IF(ISERROR(L54),"",L54) -> 76.5 | N54: =IF(M54="","",IF(M54>=$Q$3,$P$3,IF(M54>=$Q$4,$P$4,IF(M54>=$Q$5,$P$5,"P")))) -> PR
A55: Madden, Drew | B55: 58753 | C55: 17221102 | D55: ddm44 | E55: yale.instructure.com | F55: MGT 404 01 | G55: 0 | I55: 0 | J55: =VLOOKUP(C55,exam!$D$29:$V$359,19,0) -> #N/A | K55: 10 | L55: =SUM(K55,I55,H55,G55)+J55/3 -> #N/A | M55: =IF(ISERROR(L55),"",L55) | N55: =IF(M55="","",IF(M55>=$Q$3,$P$3,IF(M55>=$Q$4,$P$4,IF(M55>=$Q$5,$P$5,"P"))))
A56: Madhavan, Anshula | B56: 109261 | C56: 24110993 | D56: am3454 | E56: yale.instructure.com | F56: MGT 404 01 | G56: 9 | H56: 9.75 | I56: 10 | J56: =VLOOKUP(C56,exam!$D$29:$V$359,19,0) -> 111.5 | K56: 10 | L56: =SUM(K56,I56,H56,G56)+J56/3 -> 75.916667 | M56: =IF(ISERROR(L56),"",L56) -> 75.916667 | N56: =IF(M56="","",IF(M56>=$Q$3,$P$3,IF(M56>=$Q$4,$P$4,IF(M56>=$Q$5,$P$5,"P")))) -> PR
A57: Marquart, Katharina | B57: 104095 | C57: 24036958 | D57: kam332 | E57: yale.instructure.com | F57: MGT 404 01 | G57: 9.5 | H57: 9.5 | I57: 9.6 | J57: =VLOOKUP(C57,exam!$D$29:$V$359,19,0) -> 136.5 | K57: 10 | L57: =SUM(K57,I57,H57,G57)+J57/3 -> 84.1 | M57: =IF(ISERROR(L57),"",L57) -> 84.1 | N57: =IF(M57="","",IF(M57>=$Q$3,$P$3,IF(M57>=$Q$4,$P$4,IF(M57>=$Q$5,$P$5,"P")))) -> PR
A58: Mehta, Nishi | B58: 109981 | C58: 24122519 | D58: nm689 | E58: yale.instructure.com | F58: MGT 404 01 | G58: 9 | H58: 9.75 | I58: 10 | J58: =VLOOKUP(C58,exam!$D$29:$V$359,19,0) -> 136.5 | K58: 10 | L58: =SUM(K58,I58,H58,G58)+J58/3 -> 84.25 | M58: =IF(ISERROR(L58),"",L58) -> 84.25 | N58: =IF(M58="","",IF(M58>=$Q$3,$P$3,IF(M58>=$Q$4,$P$4,IF(M58>=$Q$5,$P$5,"P")))) -> PR
A59: Millham, Sam | B59: 82200 | C59: 17460547 | D59: spm59 | E59: yale.instructure.com | F59: MGT 404 01 | G59: 0 | I59: 0 | J59: =VLOOKUP(C59,exam!$D$29:$V$359,19,0) -> #N/A | K59: 10 | L59: =SUM(K59,I59,H59,G59)+J59/3 -> #N/A | M59: =IF(ISERROR(L59),"",L59) | N59: =IF(M59="","",IF(M59>=$Q$3,$P$3,IF(M59>=$Q$4,$P$4,IF(M59>=$Q$5,$P$5,"P"))))
A60: Monge Kaser, Samantha | B60: 35712 | C60: 13415895 | D60: slm86 | E60: yale.instructure.com | F60: MGT 404 01 | G60: 0 | I60: 0 | J60: =VLOOKUP(C60,exam!$D$29:$V$359,19,0) -> #N/A | K60: 10 | L60: =SUM(K60,I60,H60,G60)+J60/3 -> #N/A | M60: =IF(ISERROR(L60),"",L60) | N60: =IF(M60="","",IF(M60>=$Q$3,$P$3,IF(M60>=$Q$4,$P$4,IF(M60>=$Q$5,$P$5,"P"))))
A61: Morales, Robert | B61: 108679 | C61: 24103156 | D61: rm2433 | E61: yale.instructure.com | F61: MGT 404 01 | G61: 7 | H61: 9.25 | I61: 10 | J61: =VLOOKUP(C61,exam!$D$29:$V$359,19,0) -> 85 | K61: 10 | L61: =SUM(K61,I61,H61,G61)+J61/3 -> 64.583333 | M61: =IF(ISERROR(L61),"",L61) -> 64.583333 | N61: =IF(M61="","",IF(M61>=$Q$3,$P$3,IF(M61>=$Q$4,$P$4,IF(M61>=$Q$5,$P$5,"P")))) -> P
A62: Moss, Hil | B62: 82264 | C62: 17469455 | D62: hjm43 | E62: yale.instructure.com | F62: MGT 404 01 | G62: 9 | H62: 9 | I62: 9.8 | J62: =VLOOKUP(C62,exam!$D$29:$V$359,19,0) -> 131.5 | K62: 10 | L62: =SUM(K62,I62,H62,G62)+J62/3 -> 81.633333 | M62: =IF(ISERROR(L62),"",L62) -> 81.633333 | N62: =IF(M62="","",IF(M62>=$Q$3,$P$3,IF(M62>=$Q$4,$P$4,IF(M62>=$Q$5,$P$5,"P")))) -> PR
A63: Mullen, Tony | B63: 82161 | C63: 17469013 | D63: ajm258 | E63: yale.instructure.com | F63: MGT 404 01 | G63: 0 | I63: 0 | J63: =VLOOKUP(C63,exam!$D$29:$V$359,19,0) -> #N/A | K63: 10 | L63: =SUM(K63,I63,H63,G63)+J63/3 -> #N/A | M63: =IF(ISERROR(L63),"",L63) | N63: =IF(M63="","",IF(M63>=$Q$3,$P$3,IF(M63>=$Q$4,$P$4,IF(M63>=$Q$5,$P$5,"P"))))
A64: Murray, Dylan | B64: 104454 | C64: 24035768 | D64: jdm254 | E64: yale.instructure.com | F64: MGT 404 01 | G64: 9 | H64: 9.5 | I64: 9 | J64: =VLOOKUP(C64,exam!$D$29:$V$359,19,0) -> 100 | K64: 10 | L64: =SUM(K64,I64,H64,G64)+J64/3 -> 70.833333 | M64: =IF(ISERROR(L64),"",L64) -> 70.833333 | N64: =IF(M64="","",IF(M64>=$Q$3,$P$3,IF(M64>=$Q$4,$P$4,IF(M64>=$Q$5,$P$5,"P")))) -> PR
A65: Najarian, Mary | B65: 104030 | C65: 24036346 | D65: mnn23 | E65: yale.instructure.com | F65: MGT 404 01 | G65: 9.5 | H65: 9 | I65: 10 | J65: =VLOOKUP(C65,exam!$D$29:$V$359,19,0) -> 138.5 | K65: 10 | L65: =SUM(K65,I65,H65,G65)+J65/3 -> 84.666667 | M65: =IF(ISERROR(L65),"",L65) -> 84.666667 | N65: =IF(M65="","",IF(M65>=$Q$3,$P$3,IF(M65>=$Q$4,$P$4,IF(M65>=$Q$5,$P$5,"P")))) -> PR
A66: Olarinde, Emmanuel | B66: 112164 | C66: 24158457 | D66: eoo4 | E66: yale.instructure.com | F66: MGT 404 01 | G66: 10 | H66: 5 | I66: 8.8 | J66: =VLOOKUP(C66,exam!$D$29:$V$359,19,0) -> 142 | K66: 10 | L66: =SUM(K66,I66,H66,G66)+J66/3 -> 81.133333 | M66: =IF(ISERROR(L66),"",L66) -> 81.133333 | N66: =IF(M66="","",IF(M66>=$Q$3,$P$3,IF(M66>=$Q$4,$P$4,IF(M66>=$Q$5,$P$5,"P")))) -> PR
A67: Owens, Eloise | B67: 104255 | C67: 24035649 | D67: eo283 | E67: yale.instructure.com | F67: MGT 404 01 | G67: 9 | H67: 9.5 | I67: 10 | J67: =VLOOKUP(C67,exam!$D$29:$V$359,19,0) -> 152.5 | K67: 10 | L67: =SUM(K67,I67,H67,G67)+J67/3 -> 89.333333 | M67: =IF(ISERROR(L67),"",L67) -> 89.333333 | N67: =IF(M67="","",IF(M67>=$Q$3,$P$3,IF(M67>=$Q$4,$P$4,IF(M67>=$Q$5,$P$5,"P")))) -> H
A68: Pellakuru, Chak | B68: 84506 | C68: 17501857 | D68: cp843 | E68: yale.instructure.com | F68: MGT 404 01 | G68: 0 | I68: 0 | J68: =VLOOKUP(C68,exam!$D$29:$V$359,19,0) -> #N/A | K68: 10 | L68: =SUM(K68,I68,H68,G68)+J68/3 -> #N/A | M68: =IF(ISERROR(L68),"",L68) | N68: =IF(M68="","",IF(M68>=$Q$3,$P$3,IF(M68>=$Q$4,$P$4,IF(M68>=$Q$5,$P$5,"P"))))
A69: Peranzi, Nick | B69: 84930 | C69: 17508062 | D69: njp37 | E69: yale.instructure.com | F69: MGT 404 01 | G69: 0 | I69: 0 | J69: =VLOOKUP(C69,exam!$D$29:$V$359,19,0) -> #N/A | K69: 10 | L69: =SUM(K69,I69,H69,G69)+J69/3 -> #N/A | M69: =IF(ISERROR(L69),"",L69) | N69: =IF(M69="","",IF(M69>=$Q$3,$P$3,IF(M69>=$Q$4,$P$4,IF(M69>=$Q$5,$P$5,"P"))))
A70: Ra, Thu | B70: 82381 | C70: 17470254 | D70: tr394 | E70: yale.instructure.com | F70: MGT 404 01 | G70: 0 | I70: 0 | J70: =VLOOKUP(C70,exam!$D$29:$V$359,19,0) -> #N/A | K70: 10 | L70: =SUM(K70,I70,H70,G70)+J70/3 -> #N/A | M70: =IF(ISERROR(L70),"",L70) | N70: =IF(M70="","",IF(M70>=$Q$3,$P$3,IF(M70>=$Q$4,$P$4,IF(M70>=$Q$5,$P$5,"P"))))
A71: Reyes Calzada, Fernanda | B71: 109495 | C71: 24115838 | D71: mfr52 | E71: yale.instructure.com | F71: MGT 404 01 | G71: 9 | H71: 9.75 | I71: 9 | J71: =VLOOKUP(C71,exam!$D$29:$V$359,19,0) -> 108.5 | K71: 10 | L71: =SUM(K71,I71,H71,G71)+J71/3 -> 73.916667 | M71: =IF(ISERROR(L71),"",L71) -> 73.916667 | N71: =IF(M71="","",IF(M71>=$Q$3,$P$3,IF(M71>=$Q$4,$P$4,IF(M71>=$Q$5,$P$5,"P")))) -> PR
A72: Scott, Sidney | B72: 90604 | C72: 17585956 | D72: ss3785 | E72: yale.instructure.com | F72: MGT 404 01 | G72: 0 | I72: 0 | J72: =VLOOKUP(C72,exam!$D$29:$V$359,19,0) -> #N/A | K72: 10 | L72: =SUM(K72,I72,H72,G72)+J72/3 -> #N/A | M72: =IF(ISERROR(L72),"",L72) | N72: =IF(M72="","",IF(M72>=$Q$3,$P$3,IF(M72>=$Q$4,$P$4,IF(M72>=$Q$5,$P$5,"P"))))
A73: Senanayake, Tony | B73: 81734 | C73: 17469302 | D73: ams366 | E73: yale.instructure.com | F73: MGT 404 01 | G73: 0 | I73: 0 | J73: =VLOOKUP(C73,exam!$D$29:$V$359,19,0) -> #N/A | K73: 10 | L73: =SUM(K73,I73,H73,G73)+J73/3 -> #N/A | M73: =IF(ISERROR(L73),"",L73) | N73: =IF(M73="","",IF(M73>=$Q$3,$P$3,IF(M73>=$Q$4,$P$4,IF(M73>=$Q$5,$P$5,"P"))))
A74: Shapiro, Michael | B74: 93438 | C74: 17609841 | D74: ms3739 | E74: yale.instructure.com | F74: MGT 404 01 | G74: 0 | I74: 0 | J74: =VLOOKUP(C74,exam!$D$29:$V$359,19,0) -> #N/A | K74: 10 | L74: =SUM(K74,I74,H74,G74)+J74/3 -> #N/A | M74: =IF(ISERROR(L74),"",L74) | N74: =IF(M74="","",IF(M74>=$Q$3,$P$3,IF(M74>=$Q$4,$P$4,IF(M74>=$Q$5,$P$5,"P"))))
A75: Shapiro, Scott | B75: 87832 | C75: 17547944 | D75: sas328 | E75: yale.instructure.com | F75: MGT 404 01 | G75: 0 | I75: 0 | J75: =VLOOKUP(C75,exam!$D$29:$V$359,19,0) -> #N/A | K75: 10 | L75: =SUM(K75,I75,H75,G75)+J75/3 -> #N/A | M75: =IF(ISERROR(L75),"",L75) | N75: =IF(M75="","",IF(M75>=$Q$3,$P$3,IF(M75>=$Q$4,$P$4,IF(M75>=$Q$5,$P$5,"P"))))
A76: Sharma, Vipul | B76: 104099 | C76: 24012359 | D76: vs427 | E76: yale.instructure.com | F76: MGT 404 01 | G76: 7 | H76: 9.75 | I76: 10 | J76: =VLOOKUP(C76,exam!$D$29:$V$359,19,0) -> 74 | K76: 10 | L76: =SUM(K76,I76,H76,G76)+J76/3 -> 61.416667 | M76: =IF(ISERROR(L76),"",L76) -> 61.416667 | N76: =IF(M76="","",IF(M76>=$Q$3,$P$3,IF(M76>=$Q$4,$P$4,IF(M76>=$Q$5,$P$5,"P")))) -> P
A77: Shun, Maggie | B77: 109951 | C77: 24122808 | D77: ms3852 | E77: yale.instructure.com | F77: MGT 404 01 | G77: 9 | H77: 9.75 | I77: 9 | J77: =VLOOKUP(C77,exam!$D$29:$V$359,19,0) -> 138.5 | K77: 10 | L77: =SUM(K77,I77,H77,G77)+J77/3 -> 83.916667 | M77: =IF(ISERROR(L77),"",L77) -> 83.916667 | N77: =IF(M77="","",IF(M77>=$Q$3,$P$3,IF(M77>=$Q$4,$P$4,IF(M77>=$Q$5,$P$5,"P")))) -> PR
A78: Somlo, Diane | B78: 26587 | C78: 14055435 | D78: ds838 | E78: yale.instructure.com | F78: MGT 404 01 | G78: 8 | H78: 9.5 | I78: 10 | J78: =VLOOKUP(C78,exam!$D$29:$V$359,19,0) -> 121.5 | K78: 10 | L78: =SUM(K78,I78,H78,G78)+J78/3 -> 78 | M78: =IF(ISERROR(L78),"",L78) -> 78 | N78: =IF(M78="","",IF(M78>=$Q$3,$P$3,IF(M78>=$Q$4,$P$4,IF(M78>=$Q$5,$P$5,"P")))) -> PR
A79: Storrs, Ben | B79: 93452 | C79: 17609926 | D79: bms68 | E79: yale.instructure.com | F79: MGT 404 01 | G79: 0 | I79: 0 | J79: =VLOOKUP(C79,exam!$D$29:$V$359,19,0) -> #N/A | K79: 10 | L79: =SUM(K79,I79,H79,G79)+J79/3 -> #N/A | M79: =IF(ISERROR(L79),"",L79) | N79: =IF(M79="","",IF(M79>=$Q$3,$P$3,IF(M79>=$Q$4,$P$4,IF(M79>=$Q$5,$P$5,"P"))))
A80: Tormo PruÃ±onosa, Salva | B80: 103987 | C80: 24037043 | D80: sjt57 | E80: yale.instructure.com | F80: MGT 404 01 | G80: 10 | H80: 9.75 | I80: 10 | J80: =VLOOKUP(C80,exam!$D$29:$V$359,19,0) -> 130.5 | K80: 10 | L80: =SUM(K80,I80,H80,G80)+J80/3 -> 83.25 | M80: =IF(ISERROR(L80),"",L80) -> 83.25 | N80: =IF(M80="","",IF(M80>=$Q$3,$P$3,IF(M80>=$Q$4,$P$4,IF(M80>=$Q$5,$P$5,"P")))) -> PR
A81: Troein, Anna | B81: 104509 | C81: 24011866 | D81: ajt54 | E81: yale.instructure.com | F81: MGT 404 01 | G81: 6.25 | H81: 8.25 | I81: 10 | J81: =VLOOKUP(C81,exam!$D$29:$V$359,19,0) -> 123.5 | K81: 10 | L81: =SUM(K81,I81,H81,G81)+J81/3 -> 75.666667 | M81: =IF(ISERROR(L81),"",L81) -> 75.666667 | N81: =IF(M81="","",IF(M81>=$Q$3,$P$3,IF(M81>=$Q$4,$P$4,IF(M81>=$Q$5,$P$5,"P")))) -> PR
A82: Wagner, Emily | B82: 103558 | C82: 24037094 | D82: ekw26 | E82: yale.instructure.com | F82: MGT 404 01 | G82: 7.5 | H82: 9.5 | I82: 10 | J82: =VLOOKUP(C82,exam!$D$29:$V$359,19,0) -> 115.5 | K82: 10 | L82: =SUM(K82,I82,H82,G82)+J82/3 -> 75.5 | M82: =IF(ISERROR(L82),"",L82) -> 75.5 | N82: =IF(M82="","",IF(M82>=$Q$3,$P$3,IF(M82>=$Q$4,$P$4,IF(M82>=$Q$5,$P$5,"P")))) -> PR
A83: Wang, Cici | B83: 107806 | C83: 13958994 | D83: xw235 | E83: yale.instructure.com | F83: MGT 404 01 | G83: 8.5 | H83: 9.5 | I83: 9.5 | J83: =VLOOKUP(C83,exam!$D$29:$V$359,19,0) -> 145 | K83: 10 | L83: =SUM(K83,I83,H83,G83)+J83/3 -> 85.833333 | M83: =IF(ISERROR(L83),"",L83) -> 85.833333 | N83: =IF(M83="","",IF(M83>=$Q$3,$P$3,IF(M83>=$Q$4,$P$4,IF(M83>=$Q$5,$P$5,"P")))) -> H
A84: Wang, Yuan | B84: 114085 | C84: 24185759 | D84: yw723 | E84: yale.instructure.com | F84: MGT 404 01 | G84: 10 | H84: 9.25 | I84: 10 | J84: =VLOOKUP(C84,exam!$D$29:$V$359,19,0) -> 101 | K84: 10 | L84: =SUM(K84,I84,H84,G84)+J84/3 -> 72.916667 | M84: =IF(ISERROR(L84),"",L84) -> 72.916667 | N84: =IF(M84="","",IF(M84>=$Q$3,$P$3,IF(M84>=$Q$4,$P$4,IF(M84>=$Q$5,$P$5,"P")))) -> PR
A85: Wolfram, Wyatt | B85: 82194 | C85: 17469064 | D85: cww32 | E85: yale.instructure.com | F85: MGT 404 01 | G85: 0 | I85: 0 | J85: =VLOOKUP(C85,exam!$D$29:$V$359,19,0) -> #N/A | K85: 10 | L85: =SUM(K85,I85,H85,G85)+J85/3 -> #N/A | M85: =IF(ISERROR(L85),"",L85) | N85: =IF(M85="","",IF(M85>=$Q$3,$P$3,IF(M85>=$Q$4,$P$4,IF(M85>=$Q$5,$P$5,"P"))))
A86: Wood, Laura | B86: 109930 | C86: 24122077 | D86: law75 | E86: yale.instructure.com | F86: MGT 404 01 | G86: 9 | H86: 9.25 | I86: 10 | J86: =VLOOKUP(C86,exam!$D$29:$V$359,19,0) -> 154 | K86: 10 | L86: =SUM(K86,I86,H86,G86)+J86/3 -> 89.583333 | M86: =IF(ISERROR(L86),"",L86) -> 89.583333 | N86: =IF(M86="","",IF(M86>=$Q$3,$P$3,IF(M86>=$Q$4,$P$4,IF(M86>=$Q$5,$P$5,"P")))) -> H
A87: Xie, Benjamin | B87: 102986 | C87: 24036278 | D87: bx63 | E87: yale.instructure.com | F87: MGT 404 01 | G87: 9.5 | H87: 9 | I87: 0 | J87: =VLOOKUP(C87,exam!$D$29:$V$359,19,0) -> 157 | K87: 10 | L87: =SUM(K87,I87,H87,G87)+J87/3 -> 80.833333 | M87: =IF(ISERROR(L87),"",L87) -> 80.833333 | N87: =IF(M87="","",IF(M87>=$Q$3,$P$3,IF(M87>=$Q$4,$P$4,IF(M87>=$Q$5,$P$5,"P")))) -> PR
A88: Xu, Allen | B88: 107213 | C88: 24079798 | D88: ayx3 | E88: yale.instructure.com | F88: MGT 404 01 | G88: 10 | H88: 10 | I88: 10 | J88: =VLOOKUP(C88,exam!$D$29:$V$359,19,0) -> 157 | K88: 10 | L88: =SUM(K88,I88,H88,G88)+J88/3 -> 92.333333 | M88: =IF(ISERROR(L88),"",L88) -> 92.333333 | N88: =IF(M88="","",IF(M88>=$Q$3,$P$3,IF(M88>=$Q$4,$P$4,IF(M88>=$Q$5,$P$5,"P")))) -> HH
A89: Yan, Gary | B89: 107651 | C89: 24086394 | D89: ghy2 | E89: yale.instructure.com | F89: MGT 404 01 | G89: 8.5 | H89: 9.5 | I89: 10 | J89: =VLOOKUP(C89,exam!$D$29:$V$359,19,0) -> 154 | K89: 10 | L89: =SUM(K89,I89,H89,G89)+J89/3 -> 89.333333 | M89: =IF(ISERROR(L89),"",L89) -> 89.333333 | N89: =IF(M89="","",IF(M89>=$Q$3,$P$3,IF(M89>=$Q$4,$P$4,IF(M89>=$Q$5,$P$5,"P")))) -> H
A90: Ye, Emma | B90: 86245 | C90: 17524365 | D90: my377 | E90: yale.instructure.com | F90: MGT 404 01 | G90: 0 | I90: 0 | J90: =VLOOKUP(C90,exam!$D$29:$V$359,19,0) -> #N/A | K90: 10 | L90: =SUM(K90,I90,H90,G90)+J90/3 -> #N/A | M90: =IF(ISERROR(L90),"",L90) | N90: =IF(M90="","",IF(M90>=$Q$3,$P$3,IF(M90>=$Q$4,$P$4,IF(M90>=$Q$5,$P$5,"P"))))
A91: Yeh, Helen | B91: 111190 | C91: 24143548 | D91: hy347 | E91: yale.instructure.com | F91: MGT 404 01 | G91: 9 | H91: 9.5 | I91: 10 | J91: =VLOOKUP(C91,exam!$D$29:$V$359,19,0) -> 133 | K91: 10 | L91: =SUM(K91,I91,H91,G91)+J91/3 -> 82.833333 | M91: =IF(ISERROR(L91),"",L91) -> 82.833333 | N91: =IF(M91="","",IF(M91>=$Q$3,$P$3,IF(M91>=$Q$4,$P$4,IF(M91>=$Q$5,$P$5,"P")))) -> PR
A92: Zhang, Jia | B92: 108757 | C92: 24103326 | D92: jz695 | E92: yale.instructure.com | F92: MGT 404 01 | G92: 10 | H92: 9.75 | I92: 10 | J92: =VLOOKUP(C92,exam!$D$29:$V$359,19,0) -> 152.5 | K92: 10 | L92: =SUM(K92,I92,H92,G92)+J92/3 -> 90.583333 | M92: =IF(ISERROR(L92),"",L92) -> 90.583333 | N92: =IF(M92="","",IF(M92>=$Q$3,$P$3,IF(M92>=$Q$4,$P$4,IF(M92>=$Q$5,$P$5,"P")))) -> H
A93: Zhao, Jack | B93: 29412 | C93: 13469309 | D93: oz4 | E93: yale.instructure.com | F93: MGT 404 01 | G93: 0 | I93: 0 | J93: =VLOOKUP(C93,exam!$D$29:$V$359,19,0) -> #N/A | K93: 10 | L93: =SUM(K93,I93,H93,G93)+J93/3 -> #N/A | M93: =IF(ISERROR(L93),"",L93) | N93: =IF(M93="","",IF(M93>=$Q$3,$P$3,IF(M93>=$Q$4,$P$4,IF(M93>=$Q$5,$P$5,"P"))))
A94: Zinser Peniche, Juan Pablo | B94: 107295 | C94: 24081277 | D94: jz693 | E94: yale.instructure.com | F94: MGT 404 01 | G94: 9.5 | H94: 9.75 | I94: 10 | J94: =VLOOKUP(C94,exam!$D$29:$V$359,19,0) -> 146.5 | K94: 10 | L94: =SUM(K94,I94,H94,G94)+J94/3 -> 88.083333 | M94: =IF(ISERROR(L94),"",L94) -> 88.083333 | N94: =IF(M94="","",IF(M94>=$Q$3,$P$3,IF(M94>=$Q$4,$P$4,IF(M94>=$Q$5,$P$5,"P")))) -> H
A95: Student, Test | B95: 116587 | D95: 1174004151d37fa8b5de0de544fbcc8528f69e37 | E95: yale.instructure.com | F95: MGT 404 01, MGT 404 02, MGT 404 03, MGT 404 04, and MGT 404 05 | I95: 0 | K95: 10 | L95: =SUM(K95,I95,H95,G95)+J95/3 -> 10 | M95: =IF(ISERROR(L95),"",L95) -> 10
A96: Almazan Pinedo, Arturo | B96: 107139 | C96: 24079968 | D96: aa2484 | E96: yale.instructure.com | F96: MGT 404 02 | G96: 9 | H96: 9.5 | I96: 10 | J96: =VLOOKUP(C96,exam!$D$29:$V$359,19,0) -> 141.5 | K96: 10 | L96: =SUM(K96,I96,H96,G96)+J96/3 -> 85.666667 | M96: =IF(ISERROR(L96),"",L96) -> 85.666667 | N96: =IF(M96="","",IF(M96>=$Q$3,$P$3,IF(M96>=$Q$4,$P$4,IF(M96>=$Q$5,$P$5,"P")))) -> H
A97: Arya, Prashant | B97: 111075 | C97: 24142205 | D97: pa357 | E97: yale.instructure.com | F97: MGT 404 02 | G97: 9 | H97: 9.5 | I97: 10 | J97: =VLOOKUP(C97,exam!$D$29:$V$359,19,0) -> 163 | K97: 10 | L97: =SUM(K97,I97,H97,G97)+J97/3 -> 92.833333 | M97: =IF(ISERROR(L97),"",L97) -> 92.833333 | N97: =IF(M97="","",IF(M97>=$Q$3,$P$3,IF(M97>=$Q$4,$P$4,IF(M97>=$Q$5,$P$5,"P")))) -> HH
A98: Barnard, Taylor | B98: 103696 | C98: 24037417 | D98: tjb65 | E98: yale.instructure.com | F98: MGT 404 02 | G98: 8.5 | H98: 8 | I98: 9.8 | J98: =VLOOKUP(C98,exam!$D$29:$V$359,19,0) -> 89 | K98: 10 | L98: =SUM(K98,I98,H98,G98)+J98/3 -> 65.966667 | M98: =IF(ISERROR(L98),"",L98) -> 65.966667 | N98: =IF(M98="","",IF(M98>=$Q$3,$P$3,IF(M98>=$Q$4,$P$4,IF(M98>=$Q$5,$P$5,"P")))) -> P
A99: Baurley, Ariana | B99: 112936 | C99: 24168810 | D99: aeb94 | E99: yale.instructure.com | F99: MGT 404 02 | G99: 8 | H99: 9 | I99: 10 | J99: =VLOOKUP(C99,exam!$D$29:$V$359,19,0) -> 90 | K99: 10 | L99: =SUM(K99,I99,H99,G99)+J99/3 -> 67 | M99: =IF(ISERROR(L99),"",L99) -> 67 | N99: =IF(M99="","",IF(M99>=$Q$3,$P$3,IF(M99>=$Q$4,$P$4,IF(M99>=$Q$5,$P$5,"P")))) -> P
A100: Boakye, Emmanuel Osei | B100: 107153 | C100: 24079475 | D100: eob7 | E100: yale.instructure.com | F100: MGT 404 02 | G100: 9 | H100: 9.5 | I100: 10 | J100: =VLOOKUP(C100,exam!$D$29:$V$359,19,0) -> 89.5 | K100: 10 | L100: =SUM(K100,I100,H100,G100)+J100/3 -> 68.333333 | M100: =IF(ISERROR(L100),"",L100) -> 68.333333 | N100: =IF(M100="","",IF(M100>=$Q$3,$P$3,IF(M100>=$Q$4,$P$4,IF(M100>=$Q$5,$P$5,"P")))) -> PR
A101: Burka, Jenn | B101: 109888 | C101: 24122791 | D101: jsb239 | E101: yale.instructure.com | F101: MGT 404 02 | G101: 9 | H101: 8.5 | I101: 9.5 | J101: =VLOOKUP(C101,exam!$D$29:$V$359,19,0) -> 145.5 | K101: 10 | L101: =SUM(K101,I101,H101,G101)+J101/3 -> 85.5 | M101: =IF(ISERROR(L101),"",L101) -> 85.5 | N101: =IF(M101="","",IF(M101>=$Q$3,$P$3,IF(M101>=$Q$4,$P$4,IF(M101>=$Q$5,$P$5,"P")))) -> H
A102: Byagari, Anu | B102: 104245 | C102: 24036176 | D102: amb332 | E102: yale.instructure.com | F102: MGT 404 02 | G102: 7 | H102: 9.5 | I102: 9.8 | J102: =VLOOKUP(C102,exam!$D$29:$V$359,19,0) -> 86 | K102: 10 | L102: =SUM(K102,I102,H102,G102)+J102/3 -> 64.966667 | M102: =IF(ISERROR(L102),"",L102) -> 64.966667 | N102: =IF(M102="","",IF(M102>=$Q$3,$P$3,IF(M102>=$Q$4,$P$4,IF(M102>=$Q$5,$P$5,"P")))) -> P
A103: Cai, Katherine | B103: 112935 | C103: 24168827 | D103: kyc25 | E103: yale.instructure.com | F103: MGT 404 02 | G103: 9 | H103: 8.5 | I103: 10 | J103: =VLOOKUP(C103,exam!$D$29:$V$359,19,0) -> 101.5 | K103: 10 | L103: =SUM(K103,I103,H103,G103)+J103/3 -> 71.333333 | M103: =IF(ISERROR(L103),"",L103) -> 71.333333 | N103: =IF(M103="","",IF(M103>=$Q$3,$P$3,IF(M103>=$Q$4,$P$4,IF(M103>=$Q$5,$P$5,"P")))) -> PR
...

Sheet csv
A1: Student | B1: ID | C1: SIS User ID | D1: SIS Login ID | E1: Root Account | F1: Section | G1: Final Exam (125495)
A3: Points Possible | G3: 180
A4: Yazarov, Maxim | B4: 107311 | C4: 24080903 | D4: my397 | E4: yale.instructure.com | F4: MGT 404 03 | G4: 42.5
A5: Danielson, Katherine | B5: 107593 | C5: 24086258 | D5: ked59 | E5: yale.instructure.com | F5: MGT 404 05 | G5: 51
A6: Bader, Lindsay | B6: 109628 | C6: 24119612 | D6: lb967 | E6: yale.instructure.com | F6: MGT 404 04 | G6: 61
A7: Johnson, Nicholas | B7: 113847 | C7: 24182308 | D7: nj259 | E7: yale.instructure.com | F7: MGT 404 04 | G7: 62
A8: Hines, Daven | B8: 109871 | C8: 24122910 | D8: dh763 | E8: yale.instructure.com | F8: MGT 404 02 | G8: 67
A9: Orchingwa, Uzoma | B9: 33901 | C9: 15904474 | D9: uo23 | E9: yale.instructure.com | F9: MGT 404 03 | G9: 73.5
A10: Sharma, Vipul | B10: 104099 | C10: 24012359 | D10: vs427 | E10: yale.instructure.com | F10: MGT 404 01 | G10: 74
A11: Kacyem, Lina | B11: 104341 | C11: 24036159 | D11: lgk7 | E11: yale.instructure.com | F11: MGT 404 04 | G11: 76
A12: Boyajian, Ann | B12: 104517 | C12: 24036261 | D12: kam333 | E12: yale.instructure.com | F12: MGT 404 03 | G12: 79
A13: Feliz, Kiara | B13: 109908 | C13: 24122689 | D13: kf522 | E13: yale.instructure.com | F13: MGT 404 05 | G13: 79
A14: Lewis, Christian | B14: 104048 | C14: 24037536 | D14: cwl42 | E14: yale.instructure.com | F14: MGT 404 03 | G14: 80
A15: Park, Iris | B15: 109996 | C15: 24124338 | D15: ihp4 | E15: yale.instructure.com | F15: MGT 404 03 | G15: 80
... A334: Zhou, Shengshun | B334: 109124 | C334: 24111010 | D334: sz428 | E334: yale.instructure.com | F334: MGT 404 05 | G334: 176.5

Sheet exam
I1: Short Answer (Out of 10) | O1: Long Answer | V1: TOTAL
B2: Agarwal, Vibhav | C2: 87811 | D2: 17547995 | E2: va256 | F2: yale.instructure.com | G2: MGT 404 01 | H2: 1 | V2: 0
B3: Briggi, Danny | C3: 91806 | D3: 17595782 | E3: db2263 | F3: yale.instructure.com | G3: MGT 404 01 | H3: 1 | V3: 0
B4: Cisneros, Tony | C4: 82127 | D4: 17469744 | E4: ac2764 | F4: yale.instructure.com | G4: MGT 404 01 | H4: 1 | V4: 0
B5: Desai, Keval | C5: 17638 | D5: 15880589 | E5: knd22 | F5: yale.instructure.com | G5: MGT 404 01 | H5: 1 | V5: 0
B6: Doshi, Pooja | C6: 82016 | D6: 17469812 | E6: prd26 | F6: yale.instructure.com | G6: MGT 404 01 | H6: 1 | V6: 0
B7: Edelman, AJ | C7: 111140 | D7: 24143684 | E7: aje46 | F7: yale.instructure.com | G7: MGT 404 01 | V7: 110
B8: Goldstein, Will | C8: 91751 | D8: 17594269 | E8: wrg24 | F8: yale.instructure.com | G8: MGT 404 01 | H8: 1 | V8: 0
B9: Grace-Flood, Liam | C9: 62265 | D9: 14312645 | E9: lag49 | F9: yale.instructure.com | G9: MGT 404 01 | H9: 1 | V9: 0
B10: Gu, Jeffrey | C10: 81908 | D10: 17460734 | E10: jg2528 | F10: yale.instructure.com | G10: MGT 404 01 | H10: 1 | V10: 0
B11: Hallowell, Sarah | C11: 87806 | D11: 17547723 | E11: sbh42 | F11: yale.instructure.com | G11: MGT 404 01 | H11: 1 | V11: 0
B12: Madden, Drew | C12: 58753 | D12: 17221102 | E12: ddm44 | F12: yale.instructure.com | G12: MGT 404 01 | H12: 1 | V12: 0
B13: Millham, Sam | C13: 82200 | D13: 17460547 | E13: spm59 | F13: yale.instructure.com | G13: MGT 404 01 | H13: 1 | V13: 0
B14: Monge Kaser, Samantha | C14: 35712 | D14: 13415895 | E14: slm86 | F14: yale.instructure.com | G14: MGT 404 01 | H14: 1 | V14: 0
B15: Mullen, Tony | C15: 82161 | D15: 17469013 | E15: ajm258 | F15: yale.instructure.com | G15: MGT 404 01 | H15: 1 | V15: 0
B16: Pellakuru, Chak | C16: 84506 | D16: 17501857 | E16: cp843 | F16: yale.instructure.com | G16: MGT 404 01 | H16: 1 | V16: 0
B17: Peranzi, Nick | C17: 84930 | D17: 17508062 | E17: njp37 | F17: yale.instructure.com | G17: MGT 404 01 | H17: 1 | V17: 0
B18: Ra, Thu | C18: 82381 | D18: 17470254 | E18: tr394 | F18: yale.instructure.com | G18: MGT 404 01 | H18: 1 | V18: 0
B19: Scott, Sidney | C19: 90604 | D19: 17585956 | E19: ss3785 | F19: yale.instructure.com | G19: MGT 404 01 | H19: 1 | V19: 0
... B26: Zhao, Jack | C26: 29412 | D26: 13469309 | E26: oz4 | F26: yale.instructure.com | G26: MGT 404 01 | H26: 1 | V26: 0
B27: McGovern, Patrick | C27: 110101 | D27: 12418114 | E27: pwm24 | F27: yale.instructure.com | G27: MGT 404 02 | V27: 111
B28: Burnette, Blake | C28: 113478 | D28: 24176443 | E28: bjb78 | F28: yale.instructure.com | G28: MGT 404 04 | V28: 148
B29: Yazarov, Maxim | C29: 107311 | D29: 24080903 | E29: my397 | F29: yale.instructure.com | G29: MGT 404 03 | I29: 0 | J29: 0 | K29: 5 | L29: 5 | M29: 0 | N29: 10 | O29: 0 | P29: 0 | Q29: 16 | R29: 6.5 | S29: 0 | T29: 0 | U29: 0 | V29: 42.5
B30: Danielson, Katherine | C30: 107593 | D30: 24086258 | E30: ked59 | F30: yale.instructure.com | G30: MGT 404 05 | I30: 5 | J30: 0 | K30: 5 | L30: 5 | M30: 0 | N30: 2 | O30: 4 | P30: 0 | Q30: 8 | R30: 6 | S30: 3 | T30: 10 | U30: 3 | V30: 51
B31: Bader, Lindsay | C31: 109628 | D31: 24119612 | E31: lb967 | F31: yale.instructure.com | G31: MGT 404 04 | I31: 5 | J31: 5 | K31: 0 | L31: 0 | M31: 5 | N31: 0 | O31: 2 | P31: 11 | Q31: 14 | R31: 6 | S31: 4 | T31: 8 | U31: 1 | V31: 61
B32: Johnson, Nicholas | C32: 113847 | D32: 24182308 | E32: nj259 | F32: yale.instructure.com | G32: MGT 404 04 | I32: 10 | J32: 2 | K32: 0 | L32: 5 | M32: 5 | N32: 0 | O32: 0 | P32: 10 | Q32: 5 | R32: 12 | S32: 2 | T32: 6 | U32: 5 | V32: 62
B33: Hines, Daven | C33: 109871 | D33: 24122910 | E33: dh763 | F33: yale.instructure.com | G33: MGT 404 02 | I33: 5 | J33: 10 | K33: 0 | L33: 5 | M33: 0 | N33: 2 | O33: 5 | P33: 14 | Q33: 11 | R33: 6 | S33: 9 | T33: 0 | U33: 0 | V33: 67
B34: Orchingwa, Uzoma | C34: 33901 | D34: 15904474 | E34: uo23 | F34: yale.instructure.com | G34: MGT 404 03 | I34: 5 | J34: 0 | K34: 0 | L34: 0 | M34: 0 | N34: 5 | O34: 4 | P34: 10 | Q34: 12 | R34: 3.5 | S34: 5 | T34: 25 | U34: 4 | V34: 73.5
B35: Sharma, Vipul | C35: 104099 | D35: 24012359 | E35: vs427 | F35: yale.instructure.com | G35: MGT 404 01 | I35: 5 | J35: 7 | K35: 5 | L35: 5 | M35: 5 | N35: 0 | O35: 1 | P35: 10 | Q35: 12 | R35: 10 | S35: 4 | T35: 10 | U35: 0 | V35: 74
B36: Kacyem, Lina | C36: 104341 | D36: 24036159 | E36: lgk7 | F36: yale.instructure.com | G36: MGT 404 04 | I36: 10 | J36: 5 | K36: 0 | L36: 5 | M36: 5 | N36: 2 | O36: 5 | P36: 10 | Q36: 16 | R36: 9 | S36: 2 | T36: 4 | U36: 3 | V36: 76
B37: Boyajian, Ann | C37: 104517 | D37: 24036261 | E37: kam333 | F37: yale.instructure.com | G37: MGT 404 03 | I37: 10 | J37: 5 | K37: 0 | L37: 5 | M37: 10 | N37: 2 | O37: 5 | P37: 8 | Q37: 7 | R37: 6 | S37: 6 | T37: 9 | U37: 6 | V37: 79
B38: Feliz, Kiara | C38: 109908 | D38: 24122689 | E38: kf522 | F38: yale.instructure.com | G38: MGT 404 05 | I38: 0 | J38: 5 | K38: 5 | L38: 10 | M38: 0 | N38: 0 | O38: 5 | P38: 16 | Q38: 7 | R38: 3 | S38: 1 | T38: 12 | U38: 15 | V38: 79
B39: Lewis, Christian | C39: 104048 | D39: 24037536 | E39: cwl42 | F39: yale.instructure.com | G39: MGT 404 03 | I39: 10 | J39: 0 | K39: 10 | L39: 5 | M39: 10 | N39: 5 | O39: 5 | P39: 12 | Q39: 7 | R39: 6 | S39: 0 | T39: 8 | U39: 2 | V39: 80
B40: Park, Iris | C40: 109996 | D40: 24124338 | E40: ihp4 | F40: yale.instructure.com | G40: MGT 404 03 | I40: 0 | J40: 5 | K40: 10 | L40: 5 | M40: 0 | N40: 10 | O40: 5 | P40: 14 | Q40: 15 | R40: 13 | S40: 2 | T40: 0 | U40: 1 | V40: 80
... B359: Zhou, Shengshun | C359: 109124 | D359: 24111010 | E359: sz428 | F359: yale.instructure.com | G359: MGT 404 05 | I359: 5 | J359: 10 | K359: 10 | L359: 10 | M359: 10 | N359: 10 | O359: 16 | P359: 18 | Q359: 16 | R359: 15.5 | S359: 16 | T359: 25 | U359: 15 | V359: 176.5
B360: Student | C360: ID | D360: SIS User ID | E360: SIS Login ID | F360: Root Account | G360: Section | H360: Second Year | I360: Q1 | J360: Q2 | K360: Q3 | L360: Q4 | M360: Q5 | N360: Q6 | O360: Q1 (16) | P360: Q2 (16) | Q360: Q3 (16) | R360: Q4 (16) | S360: Q5 (16) | T360: Q6 (25) | U360: Q7 (15) | V360: -180
B362: 335 | C362: 335 | D362: 335 | E362: 335 | F362: 335 | H362: 23 | I362: 332 | J362: 332 | K362: 332 | L362: 332 | M362: 332 | N362: 332 | O362: 332 | P362: 332 | Q362: 332 | R362: 332 | S362: 332 | T362: 332 | U362: 332 | V362: 129.7719
I363: 0.99 | J363: 0.99 | K363: 0.99 | L363: 0.99 | M363: 0.99 | N363: 0.99 | O363: 0.99 | P363: 0.99 | Q363: 0.99 | R363: 0.99 | S363: 0.99 | T363: 0.99 | U363: 0.99 | V363: 24.540537
I365: =AVERAGE(I29:I359) -> 7.2265861 | J365: =AVERAGE(J29:J359) -> 6.0664653 | K365: =AVERAGE(K29:K359) -> 6.4954683 | L365: =AVERAGE(L29:L359) -> 4.6072508 | M365: =AVERAGE(M29:M359) -> 5.8308157 | N365: =AVERAGE(N29:N359) -> 7.1238671 | O365: =AVERAGE(O29:O359) -> 10.217523 | P365: =AVERAGE(P29:P359) -> 14.719033 | ... U365: =AVERAGE(U29:U359) -> 7.6586103
